speed_mph,braking_distance_ft
16.1,14.1
72.4,342.8
45.1,149.1
67.9,302.0
88.2,479.5
53.1,198.3
50.1,164.5
15.8,16.7
31.5,74.5
50.0,177.2
64.3,274.2
74.3,360.5
40.5,115.9
15.3,22.6
33.1,76.6
82.8,433.1
27.1,62.9
46.2,147.9
84.5,454.7
12.0,12.9
58.0,222.1
86.0,467.2
28.4,63.1
53.9,201.1
82.7,435.1
20.7,48.5
51.9,183.2
70.0,317.1
63.5,260.0
47.4,156.9
26.4,60.9
49.3,163.7
39.8,114.7
48.2,165.8
39.3,111.7
77.0,376.9
71.5,337.1
35.1,92.9
55.8,212.7
32.1,86.2
46.2,156.6
38.2,104.9
62.6,256.2
39.6,115.7
46.7,151.8
67.5,286.4
43.0,139.4
82.5,432.2
24.4,54.2
69.3,305.6
43.8,143.9
44.1,134.3
60.8,245.2
51.8,175.4
43.2,131.9
10.1,11.3
17.4,27.7
66.8,294.8
51.9,184.8
65.7,289.3
86.4,468.2
64.6,268.8
14.3,21.1
34.7,94.3
57.4,228.9
28.8,70.7
87.2,468.7
85.6,465.2
77.9,397.1
47.8,159.5
77.3,379.7
20.5,39.3
34.7,87.5
47.0,158.2
69.3,312.6
48.9,174.1
21.0,42.0
37.5,99.3
36.0,100.1
34.0,93.0
23.2,42.4
43.2,130.3
45.8,133.6
72.0,340.9
73.7,346.8
51.8,171.1
46.9,143.2
72.3,336.8
81.0,422.1
64.0,269.5
74.0,355.8
85.1,451.3
13.3,11.0
80.1,414.3
32.1,82.1
48.1,160.7
73.7,358.0
67.4,291.3
21.8,38.9
62.7,266.3
15.5,35.1
38.6,109.0
75.0,372.0
44.2,134.8
58.0,227.6
68.3,303.3
75.7,358.6
70.8,326.8
10.6,19.2
43.6,134.2
47.1,154.6
14.4,29.8
53.3,186.1
58.6,220.9
76.3,369.7
85.3,452.7
20.3,45.0
28.4,66.1
62.7,254.9
20.6,34.1
27.9,79.5
56.0,208.0
23.6,42.6
72.6,342.5
78.6,398.6
12.7,19.1
52.6,183.5
73.8,344.3
88.0,491.1
31.9,78.0
23.5,37.0
80.1,416.0
82.7,438.7
25.8,53.2
45.3,143.0
67.5,299.2
77.6,381.4
23.5,38.7
63.2,265.9
74.6,349.7
54.0,200.5
23.2,37.2
12.8,17.4
32.5,80.0
74.6,369.0
13.6,13.3
10.7,5.3
38.9,106.6
15.1,16.4
22.0,38.5
11.9,18.6
52.0,189.8
65.7,293.4
44.2,134.0
20.8,54.2
36.5,110.7
57.2,218.8
85.3,446.1
89.4,501.7
29.3,68.2
10.8,5.0
76.5,375.9
84.1,446.7
46.7,147.9
71.7,336.7
79.3,407.4
58.8,228.4
79.8,407.5
11.9,12.2
31.7,72.7
32.2,80.0
19.7,38.3
82.9,432.6
12.4,5.0
63.8,272.0
15.7,15.0
38.9,111.2
43.4,144.6
24.5,50.1
51.7,176.1
52.8,181.5
35.4,100.7
69.0,310.1
22.8,47.8
25.4,58.8
38.4,107.7
40.3,115.7
26.5,51.5
83.5,423.4
76.2,363.6
18.6,31.6
39.6,112.9
28.6,67.4
46.1,148.4
32.1,80.1
50.1,177.8
83.8,439.6
40.6,117.4
62.0,245.2
57.6,228.6
70.2,320.4
14.9,25.6
69.6,324.4
85.7,470.4
58.3,227.4
33.0,87.7
63.8,259.9
67.0,296.4
62.5,259.4
21.8,31.7
87.9,494.5
86.4,466.8
44.0,141.4
57.5,219.6
13.2,24.8
89.1,506.9
75.5,361.4
60.9,237.4
70.9,325.3
25.0,57.0
34.6,87.8
29.7,65.6
57.7,226.4
17.4,12.3
81.6,419.4
47.0,146.1
45.6,148.1
18.4,27.1
64.8,269.6
75.4,363.3
60.4,234.1
29.4,68.0
72.8,338.4
21.7,38.8
76.2,368.4
56.5,220.6
33.1,82.8
51.1,182.5
60.3,245.1
30.7,68.5
77.8,390.8
43.7,137.7
81.4,423.3
76.8,375.8
17.9,27.6
61.7,257.3
34.8,104.1
70.3,316.0
53.4,197.4
46.6,149.9
