id,patient_history,reference_summary
1,"Patient is a 54-year-old male presenting with a 3-day history of chest pain radiating to the left arm, accompanied by shortness of breath and diaphoresis. He has a past medical history of hypertension and type 2 diabetes mellitus, both managed with oral medications. He reports smoking one pack of cigarettes per day for 20 years. ECG showed ST-segment elevation in leads II, III, and aVF. Troponin levels were elevated. Patient was admitted for suspected inferior wall myocardial infarction and taken for emergency cardiac catheterization.","54-year-old male with hypertension, diabetes, and smoking history presented with chest pain and dyspnea; ECG and troponin findings indicated inferior MI, and he underwent emergency cardiac catheterization."
2,"A 29-year-old female presented to the emergency department with sudden onset of severe abdominal pain localized to the right lower quadrant, associated with nausea and low-grade fever. She denies any prior surgical history. On examination, there was rebound tenderness and guarding over McBurney's point. Ultrasound revealed a dilated, non-compressible appendix measuring 9mm. Patient was diagnosed with acute appendicitis and scheduled for laparoscopic appendectomy.","29-year-old female with right lower quadrant pain, fever, and positive McBurney's point tenderness; ultrasound confirmed acute appendicitis, and she was scheduled for laparoscopic appendectomy."
3,"Patient is a 68-year-old male with a known history of chronic obstructive pulmonary disease and a 40-pack-year smoking history, presenting with worsening dyspnea, productive cough with yellow sputum, and wheezing over the past week. He denies fever or chest pain. Physical exam revealed diffuse expiratory wheezes and use of accessory muscles. Chest X-ray showed hyperinflated lungs without consolidation. He was diagnosed with a COPD exacerbation and started on bronchodilators, systemic corticosteroids, and antibiotics.","68-year-old male with COPD and heavy smoking history presented with an acute exacerbation marked by dyspnea and productive cough; treated with bronchodilators, corticosteroids, and antibiotics after ruling out pneumonia on chest X-ray."
4,"A 45-year-old female with a history of hypothyroidism presents for a routine follow-up. She reports fatigue and mild weight gain over the past two months despite adherence to levothyroxine therapy. TSH level was found to be elevated at 8.5 mIU/L, above the therapeutic target. Physical examination was unremarkable aside from mild dry skin. The dose of levothyroxine was increased, and follow-up labs were scheduled in six weeks.","45-year-old female with hypothyroidism reported fatigue and weight gain; elevated TSH prompted an increase in levothyroxine dosage with follow-up labs planned in six weeks."
5,"Patient is a 7-year-old boy brought in by his mother due to a 2-day history of fever, sore throat, and difficulty swallowing. On examination, tonsils were enlarged and erythematous with white exudate, and tender anterior cervical lymphadenopathy was noted. Rapid strep test was positive. He was diagnosed with streptococcal pharyngitis and prescribed a 10-day course of amoxicillin, with instructions for symptomatic care and follow-up if symptoms worsen.","7-year-old boy with fever, sore throat, and tonsillar exudate tested positive for strep throat; diagnosed with streptococcal pharyngitis and started on a 10-day amoxicillin course."
6,"A 61-year-old female with a history of osteoarthritis presents with progressively worsening right knee pain over six months, worse with activity and improved with rest, without associated swelling, redness, or fever. X-ray of the knee revealed joint space narrowing and osteophyte formation consistent with moderate osteoarthritis. She was advised on weight management, physical therapy, and started on acetaminophen with a plan to consider NSAIDs if inadequate relief.","61-year-old female with knee osteoarthritis confirmed by X-ray findings of joint space narrowing and osteophytes; managed conservatively with physical therapy and acetaminophen."
7,"Patient is a 33-year-old male with no significant past medical history presenting after a motor vehicle accident with complaints of neck pain and headache. He was the restrained driver in a rear-end collision. There is no loss of consciousness reported. Cervical spine X-ray was unremarkable, and CT head showed no acute intracranial abnormality. He was diagnosed with cervical strain and discharged with NSAIDs, a soft cervical collar for comfort, and instructions to follow up if symptoms worsen.","33-year-old male involved in a rear-end motor vehicle accident presented with neck pain and headache; imaging was unremarkable, and he was diagnosed with cervical strain and discharged with conservative treatment."
8,"A 72-year-old female with a history of atrial fibrillation on anticoagulation therapy presents with sudden onset right-sided weakness and slurred speech that began one hour prior to arrival. NIH Stroke Scale score was 12. CT head showed no hemorrhage. She was within the window for thrombolytic therapy and was given intravenous tPA after ruling out contraindications, with subsequent admission to the stroke unit for monitoring.","72-year-old female with atrial fibrillation presented with acute right-sided weakness and slurred speech consistent with ischemic stroke; received IV tPA within the treatment window and was admitted to the stroke unit."
9,"Patient is a 19-year-old female with a known history of asthma presenting with acute shortness of breath and wheezing after exposure to a cat, her known allergen trigger. She used her albuterol inhaler with minimal relief prior to arrival. On exam, bilateral expiratory wheezes were noted with mild use of accessory muscles. She was treated with nebulized albuterol and ipratropium, oral corticosteroids, and observed for two hours with significant improvement before discharge.","19-year-old female with asthma developed an acute exacerbation after allergen exposure; treated with nebulized bronchodilators and oral corticosteroids with good response before discharge."
10,"A 50-year-old male with a history of chronic alcohol use presents with a 1-week history of progressive abdominal distension, jaundice, and confusion. Family reports increased somnolence over the past two days. Examination revealed scleral icterus, ascites, and asterixis. Laboratory workup showed elevated liver enzymes, elevated ammonia, and low albumin. He was diagnosed with hepatic encephalopathy secondary to decompensated alcoholic liver cirrhosis and started on lactulose with admission for further management.","50-year-old male with chronic alcohol use presented with jaundice, ascites, and confusion; diagnosed with hepatic encephalopathy from decompensated cirrhosis and started on lactulose with admission for further care."
