experience_years,salary_thousand_pkr
8.3,120.8
14.4,178.4
0.0,45.3
6.0,111.3
2.9,66.6
1.8,47.2
3.7,65.7
6.9,100.2
7.9,101.7
10.8,149.2
8.4,115.8
13.7,167.7
4.1,78.9
17.6,196.0
0.5,37.9
13.4,172.7
8.3,123.8
11.2,142.9
2.8,81.1
4.0,67.6
16.0,189.2
19.4,222.5
6.3,77.5
13.8,186.6
17.5,209.2
17.9,201.7
1.7,72.6
0.8,52.3
3.4,75.7
17.6,202.3
2.0,59.8
8.4,107.6
19.2,228.8
10.7,138.7
13.8,172.2
6.3,109.5
13.7,172.4
16.7,200.7
0.4,46.0
15.0,176.6
19.8,234.8
15.0,194.8
5.6,99.3
15.8,197.2
2.1,52.9
9.0,118.6
18.2,201.4
5.9,105.9
5.8,93.1
2.6,75.9
0.4,37.5
13.6,165.7
4.2,80.7
5.3,97.7
9.8,133.6
1.1,52.1
11.5,149.4
2.9,69.0
11.8,143.2
14.0,173.6
2.0,57.5
8.3,118.4
13.9,176.0
8.3,113.4
1.0,48.8
10.7,139.3
13.3,169.7
10.3,144.1
18.9,211.9
11.7,155.8
18.1,228.5
2.7,53.9
2.8,60.0
16.1,185.9
8.0,113.8
3.3,84.3
18.6,216.8
7.0,100.9
15.0,187.5
14.5,173.0
17.7,217.1
12.5,161.2
15.0,193.6
7.0,101.2
5.4,115.5
17.9,216.6
8.6,126.9
19.3,222.9
13.3,160.5
12.4,150.9
2.3,60.8
19.0,214.1
9.0,127.8
11.6,143.6
8.2,122.9
4.7,92.3
18.1,206.3
11.5,158.8
0.1,39.0
12.3,166.1
6.5,105.3
10.5,148.7
17.7,200.2
7.1,106.6
18.2,224.5
12.5,153.8
0.3,30.0
18.6,201.2
13.8,151.0
19.9,212.1
3.4,69.0
2.7,75.9
18.7,214.1
13.9,174.6
1.3,51.5
15.1,183.5
15.1,182.1
18.5,214.4
14.2,178.6
2.5,54.3
0.4,51.9
0.5,52.1
0.6,44.1
4.9,93.0
17.2,197.8
10.8,138.3
11.1,146.7
16.8,198.1
2.5,60.2
5.6,87.8
11.7,146.7
19.4,231.8
11.2,130.9
0.4,46.6
16.0,190.1
4.7,90.5
16.1,197.1
7.8,91.8
17.3,209.0
14.9,184.1
11.1,145.6
2.7,61.9
1.2,58.2
2.4,59.5
0.9,63.2
2.1,64.5
4.5,99.9
14.3,169.6
11.2,132.4
0.3,48.6
1.4,60.1
19.3,223.6
11.4,136.0
4.1,75.4
5.0,92.4
14.9,180.1
3.9,76.1
11.6,148.8
19.4,216.8
16.9,196.3
4.8,74.2
9.9,148.2
12.4,154.0
16.6,201.5
3.1,61.3
0.4,50.2
1.4,38.3
9.7,139.5
12.1,154.7
11.4,165.2
6.3,89.4
19.8,228.7
11.6,153.1
7.6,122.1
11.0,141.1
14.9,182.2
13.4,150.2
5.3,83.7
1.3,56.0
7.4,119.1
12.6,157.4
4.2,96.4
15.1,197.5
1.3,51.9
5.2,70.1
16.1,178.7
3.9,70.8
12.8,170.5
10.5,142.2
18.5,199.0
5.3,88.5
1.3,65.3
14.7,176.7
15.4,180.3
18.2,229.3
18.6,217.1
0.3,39.0
4.7,87.5
12.3,157.0
19.0,217.1
19.0,230.2
11.1,154.4
18.3,220.6
12.8,160.8
7.8,123.3
9.7,131.8
12.1,158.7
11.0,152.8
18.5,222.2
18.4,229.1
7.9,118.7
19.3,209.9
3.5,64.0
2.5,74.6
2.7,63.0
10.1,139.0
0.4,37.0
19.0,228.5
16.5,193.7
0.3,54.5
3.5,69.0
6.6,111.6
2.6,70.1
16.2,188.1
6.9,114.3
18.8,211.4
11.6,143.6
17.6,213.0
16.9,195.5
18.1,207.2
9.2,124.6
10.9,135.5
16.0,200.4
5.7,99.0
9.8,132.5
12.0,153.1
0.3,46.5
11.9,167.2
8.7,129.6
16.1,188.9
6.3,106.1
17.9,209.1
11.6,148.6
3.7,90.1
15.8,186.7
12.2,152.1
1.1,34.8
8.4,108.6
13.6,172.8
18.4,209.2
0.0,44.1
19.5,216.3
7.5,105.1
19.5,230.6
12.1,166.6
16.6,202.4
11.5,158.8
12.6,173.3
5.7,102.5
11.7,143.8
15.0,181.7
17.2,208.4
15.1,180.1
14.0,176.6
17.3,191.7
6.5,95.1
13.4,171.5
9.0,107.6
7.6,103.3
8.2,117.8
8.0,102.2
6.3,100.3
12.4,151.4
8.6,119.4
19.5,223.2
13.6,170.7
4.0,73.5
8.5,121.5
6.9,100.7
16.0,196.4
17.6,220.8
18.1,213.5
13.3,167.7
5.4,82.0
5.0,93.0
17.1,196.4
10.6,134.2
16.0,196.5
11.4,149.7
14.7,188.5
10.4,150.3
15.4,182.0
11.4,149.3
9.3,142.4
6.9,113.3
1.4,59.0
7.6,122.6
1.6,50.4
19.7,232.2
3.6,85.5
